 ,Mean,Max,Min,StdDev,Skewness,Kurtosis
Col1,130.000000,295,1,93.289871,0.303266,-0.908802
Col2,141.000000,256,2,89.308454,-0.344118,-1.523018
Col3,163.000000,323,3,108.604788,-0.034706,-1.441332
Col4,179.000000,329,4,99.423337,-0.174081,-0.979466
Col5,194.000000,320,5,93.471921,-0.503891,-0.704447
Col6,209.000000,353,6,109.877204,-0.397553,-1.038427
